{
    "10": 66.00351294038003,
    "11": 66.00351294038003,
    "12": 65.448166690123,
    "13": 66.00351294038003,
    "14": 66.00351294038003,
    "16": 66.00351294038003,
    "17": 336.67372419649513,
    "18": 154.3386685320535,
    "1": 66.00351294038003,
    "24": 66.10827402248479,
    "26": 154.3386685320535,
    "2": 66.00351294038003,
    "31": 65.76349921458448,
    "32": 66.10827402248479,
    "3": 154.3386685320535,
    "4": 154.57658034678107,
    "5": 66.00351294038003,
    "6C": 65.77795891417347,
    "6": 65.77795891417347,
    "7A": 65.89262922358758,
    "7": 66.00351294038003,
    "8": 76.1605277229423,
    "9": 66.00351294038003
}